{
  "id": "sanctum-merchant",
  "name": "Sanctum Merchant",
  "title": "Sanctum Merchant",
  "description": "Dynamic merchant inventory system using compendium-driven roll tables.",
  "version": "1.0.0",
  "manifest": "https://github.com/Snelly87/Santum-Merchant/releases/latest/download/module.json",
  "download": "https://github.com/Snelly87/Santum-Merchant/releases/download/1.0.0/module.zip",
  "author": "Snelly",
  "authors": [
    { "name": "Snelly", "url": "", "email": "" }
  ],
  "type": "module",
  "esmodules": ["scripts/merchant.js"],
  "compatibility": { "minimum": "11", "verified": "13" }
}